{"numeric": [[0.6784599180996144, 0.17763642767217486, -0.0042929921037739615, -0.15206571683311418, 0.3457119656871583, -0.6563101666965209, 0.5059214163643844, -0.20829394171214424, -0.8779262595168812, 0.3711111726575427, 0.5976039733473307, -0.1825670303192657, 0.9090726790266223, 0.2957768438904236, -0.30591651142929244, 0.8263513173776067]], "zipcode": [26]}